Model,Hardware,Time,Time_SE,DPS,DPS_SE
Political_DEBATE_base_v1.0,cuda,7.948625612258911,0.2617201594247605,629.0395653166329,24.31388953121543
Political_DEBATE_large_v1.0,cuda,19.44267694950104,0.2950370401800371,257.16623348660414,3.844743300253593
Political_DEBATE_ModernBERT_large_v1.0,cuda,4.418818140029908,0.2425569438116657,1131.5242767529146,84.59256970476379
Political_DEBATE_ModernBERT_base_v1.0,cuda,2.592711353302002,0.1798388063411136,1928.48308919238,328.364698835327
Political_DEBATE_base_v1.0,cpu,113.63683428764344,0.2831370888271195,43.999817764579234,0.1082968116472558
Political_DEBATE_large_v1.0,cpu,352.3881009340286,1.1438512196468722,14.188901346972727,0.0461769682601323
Meta-Llama-3.1-8B-Instruct,cuda,403.1963596343994,,12.400905614658273,
