Model,Hardware,Time,Time_SE,DPS,DPS_SE
Political_DEBATE_base_v1.0,mps,32.42377984523773,0.06581886603090095,154.20780747542545,0.31182754192916684
Political_DEBATE_ModernBERT_base_v1.0,mps,42.23911497592926,0.11702325818901614,118.37369231929557,0.3302990763025579
Political_DEBATE_large_v1.0,mps,82.66897068023681,0.22198856461147135,60.48218526077912,0.16222969024620965
Political_DEBATE_ModernBERT_large_v1.0,mps,85.78660161495209,0.4797664703670622,58.28415983234997,0.3342448001742699
Meta-Llama-3.1-8B-Instruct,mps,2219.9043221473694,,2.252349324300326,
