Model,Hardware,Time,Time_SE,DPS,DPS_SE
Political_DEBATE_base_v1.0,t4,68.26708782,0.096890358,73.24173566,0.103080676
Political_DEBATE_large_v1.0,t4,219.9363279,0.075606407,22.73385233,0.007809991
